<?xml version="1.0" standalone="no"?>
<manifest identifier="_5bOVhYHu8Po_course_id" version="1.3" xmlns="http://www.imsglobal.org/xsd/imscp_v1p1" xmlns:adlcp="http://www.adlnet.org/xsd/adlcp_v1p3" xmlns:adlseq="http://www.adlnet.org/xsd/adlseq_v1p3" xmlns:adlnav="http://www.adlnet.org/xsd/adlnav_v1p3" xmlns:imsss="http://www.imsglobal.org/xsd/imsss" xmlns:xsi="http://www.w3.org/2001/XMLSchema-instance" xmlns:lom="http://ltsc.ieee.org/xsd/LOM" xsi:schemaLocation="http://www.imsglobal.org/xsd/imscp_v1p1 imscp_v1p1.xsd&#xA;                              http://www.adlnet.org/xsd/adlcp_v1p3 adlcp_v1p3.xsd&#xA;                              http://www.adlnet.org/xsd/adlseq_v1p3 adlseq_v1p3.xsd&#xA;                              http://www.adlnet.org/xsd/adlnav_v1p3 adlnav_v1p3.xsd&#xA;							  http://www.imsglobal.org/xsd/imsss imsss_v1p0.xsd&#xA;							  http://ltsc.ieee.org/xsd/LOM lom.xsd">
  <metadata>
    <schema>ADL SCORM</schema>
    <schemaversion>2004 4th Edition</schemaversion>
    <adlcp:location>metadata.xml</adlcp:location>
  </metadata>
  <organizations default="Our_Facilities,_Let_Us_Be_Responsible_ORG">
    <organization identifier="Our_Facilities,_Let_Us_Be_Responsible_ORG" adlseq:objectivesGlobalToSystem="false">
      <title>Our Facilities, Let Us Be Responsible</title>
      <item identifier="Branch_office_SCO" identifierref="__5bOVhYHu8Po_course_id_RES" isvisible="true">
        <title>Our Facilities, Let Us Be Responsible</title>
      </item>
      <metadata>
        <adlcp:location>metadata.xml</adlcp:location>
      </metadata>
      <imsss:sequencing>
        <imsss:controlMode choice="true" flow="true" />
      </imsss:sequencing>
    </organization>
  </organizations>
  <resources>
    <resource identifier="__5bOVhYHu8Po_course_id_RES" type="webcontent" adlcp:scormType="sco" href="index_lms.html">
      <file href="story_content/thumbnail.jpg" />
      <file href="mobile/63FfOofHCNZ_X_DX1440_DY1440_CX1079_CY607.jpg" />
      <file href="mobile/6Y3jgb9N09q_R003781_DX234_DY234_CX173_CY43.png" />
      <file href="story_content/6oJUDOkAU7G_22050_160_0.mp3" />
      <file href="mobile/67mz3A2kaCS_P_173_183_674_669_DX56_DY56_CX27_CY27.png" />
      <file href="mobile/5nz2mT0ZiJb_P_0_0_2048_1155_DX1440_DY1440_CX1076_CY607.png" />
      <file href="mobile/6UASAeWadwy_X_DX1440_DY1440_CX911_CY607.png" />
      <file href="mobile/63FfOofHCNZ_DX1440_DY1440_CX1079_CY607.jpg" />
      <file href="mobile/5jFVqaKhA0c_DX1440_DY1440_CX911_CY607.png" />
      <file href="mobile/6CvYpJYvoSX_DX1440_DY1440_CX911_CY607.jpg" />
      <file href="mobile/6KBueBWsn8l_P_0_127_1200_672_DX1440_DY1440_CX1080_CY605.png" />
      <file href="mobile/5ed69BIJkWV_DX94_DY94_CX44_CY45.png" />
      <file href="story_content/6IZZSucvx6w_22050_160_0.mp3" />
      <file href="mobile/6EfEhDaPozi_DX1440_DY1440_CX809_CY607.png" />
      <file href="mobile/6CvYpJYvoSX_P_0_0_2048_1152_DX1440_DY1440_CX1078_CY607.png" />
      <file href="mobile/66R6kcO5ktd_P_0_0_531_1352_DX1132_DY1132_CX220_CY560.png" />
      <file href="mobile/66R6kcO5ktd_P_542_0_484_1196_DX1132_DY1132_CX201_CY496.png" />
      <file href="mobile/66R6kcO5ktd_P_1026_0_491_1265_DX1132_DY1132_CX204_CY525.png" />
      <file href="mobile/66R6kcO5ktd_P_1543_0_477_1099_DX1132_DY1132_CX198_CY456.png" />
      <file href="story_content/6Bpec7HwLES_22050_160_0.mp3" />
      <file href="mobile/6LaQYMtvl69_P_0_166_1450_818_DX1570_DY1570_CX1080_CY609.png" />
      <file href="mobile/6FCUrdU8IUY_P_1003_233_1823_1732_DX168_DY168_CX60_CY57.png" />
      <file href="mobile/6QGy2xB73Wz_P_0_0_1866_687_DX762_DY762_CX520_CY192.png" />
      <file href="mobile/6QGy2xB73Wz_P_0_687_1866_702_DX762_DY762_CX520_CY196.png" />
      <file href="story_content/6QYmbeoHaBv_22050_160_0.mp3" />
      <file href="mobile/6Rn2ofuiM6g_B-31_C-5_P_0_76_2050_1156_DX1440_DY1440_CX1076_CY607.png" />
      <file href="mobile/6Rn2ofuiM6g_B-31_C-5_P_0_76_2050_1156_DX1438_DY1438_CX936_CY528.png" />
      <file href="mobile/6Y3jgb9N09q_P_1238_0_427_413_DX232_DY232_CX45_CY43.png" />
      <file href="mobile/6fopAKgmrnV_DX102_DY102_CX76_CY76.png" />
      <file href="mobile/6jGjOX2DsAj_DX102_DY102_CX73_CY76.png" />
      <file href="story_content/62QyI0rY4Kh_22050_160_0.mp3" />
      <file href="mobile/6A6o39ctt2u_DX1440_DY1440_CX1080_CY531.jpg" />
      <file href="story_content/5nlTXbEtWHs_22050_160_0.mp3" />
      <file href="mobile/61WRNXbBAYm_DX1440_DY1440_CX809_CY607.jpg" />
      <file href="story_content/WebObjects/5Xv0rtRwIIt/index.html" />
      <file href="story_content/WebObjects/5Xv0rtRwIIt/pdfmake/pdfmake.min.js" />
      <file href="story_content/WebObjects/5Xv0rtRwIIt/pdfmake/pdfmake.min.js.map" />
      <file href="story_content/WebObjects/5Xv0rtRwIIt/pdfmake/vfs_fonts.js" />
      <file href="mobile/5Xv0rtRwIIt6LoOwMA1ezU{Width=46, Height=30.5}Light_DX92_DY92_CX46_CY30.jpg" />
      <file href="meta.xml" />
      <file href="story_content/frame.json" />
      <file href="story_content/user.js" />
      <file href="mobile/Shape5syWUUgXC7q.png" />
      <file href="mobile/Shape6m885tHDey5.png" />
      <file href="mobile/Shape5hHEuH13eVJ.png" />
      <file href="mobile/Shape6YNUfz72Lmy.png" />
      <file href="mobile/Shape6N1hEb4aJjy.png" />
      <file href="mobile/Shape5gp6uhrbttc.png" />
      <file href="mobile/Shape5nJQqmZKa6T.png" />
      <file href="mobile/Shape5mGigMtUNBt.png" />
      <file href="mobile/Shape6FPVuUHkyQX.png" />
      <file href="mobile/Shape5j0AsK0fIaG.png" />
      <file href="mobile/Shape5qebOlEdsIj.png" />
      <file href="mobile/Shape6bM0HxYgRxe.png" />
      <file href="mobile/Shape6TUTOn2vnTs.png" />
      <file href="html5/data/css/output.min.css" />
      <file href="html5/data/js/paths.js" />
      <file href="html5/data/js/frame.js" />
      <file href="html5/data/js/data.js" />
      <file href="html5/data/js/61A74D3BlFN.js" />
      <file href="html5/data/js/5pWV3rCyjJM.js" />
      <file href="html5/data/js/5coKjWEmJ7B.js" />
      <file href="html5/data/js/5msTyBmUOlq.js" />
      <file href="html5/data/js/5mJWDp8BwSq.js" />
      <file href="html5/data/js/67c7iODUJqE.js" />
      <file href="html5/data/js/5ityFSicuGY.js" />
      <file href="html5/data/js/6mDSMkOyxWA.js" />
      <file href="html5/data/js/6Ofp6R61ExE.js" />
      <file href="html5/data/js/5dXzora0PCJ.js" />
      <file href="html5/data/js/5w9ZukwWs9G.js" />
      <file href="html5/data/js/5lMkzmPNRUx.js" />
      <file href="html5/data/js/5rHSKq9l6xk.js" />
      <file href="html5/lib/scripts/app.min.js" />
      <file href="html5/lib/stylesheets/main.min.css" />
      <file href="html5/lib/stylesheets/mobile-fonts/open-sans-bold.woff" />
      <file href="html5/lib/stylesheets/mobile-fonts/open-sans-light.woff" />
      <file href="html5/lib/stylesheets/mobile-fonts/open-sans-regular.woff" />
      <file href="story.html" />
      <file href="story_html5.html" />
      <file href="story_content/blank.html" />
      <file href="story_content/story.js" />
      <file href="index_lms.html" />
      <file href="index_lms_html5.html" />
      <file href="lms/AICCComm.html" />
      <file href="lms/AICCFunctions.js" />
      <file href="lms/API.js" />
      <file href="lms/APIConstants.js" />
      <file href="lms/blank.html" />
      <file href="lms/browsersniff.js" />
      <file href="lms/Configuration.js" />
      <file href="lms/goodbye.html" />
      <file href="lms/lms.js" />
      <file href="lms/LMSAPI.js" />
      <file href="lms/NONEFunctions.js" />
      <file href="lms/SCORM2004Functions.js" />
      <file href="lms/SCORMFunctions.js" />
      <file href="lms/UtilityFunctions.js" />
    </resource>
  </resources>
</manifest>