﻿<?xml version="1.0" encoding="utf-8"?><meta xmlns:xsi="http://www.w3.org/2001/XMLSchema-instance" xmlns:xsd="http://www.w3.org/2001/XMLSchema"><project id="6SvhiVVAxVE" courseid="5bOVhYHu8Po_course_id" thumburl="story_content/thumbnail.jpg" title="Our Facilities, Let Us Be Responsible" datepublished="2018-07-30T10:24:45" version="1.0.0.0" flashdata="story_content/data.swf" html5data="mobile/data.json" mobiledata="mobile/data.gz" enabledownload="false" duration="About 7 minutes" totalaudio="271309" totalvideo="0"><description>Welcome to the Session</description><keywords /><slidemeta moniker="slide" monikerplural="slides" viewslides="13" slidecountdescription="13 slides" /><author name="i82509" email="" website="" /><application name="Articulate Storyline" version="3.2.13213.0" xmlversion="4.0" /></project></meta>